{
  "node_count": 122,
  "edge_count": 113,
  "density": 0.007654789323939846,
  "avg_degree": 1.8524590163934427
}