{
  "node_count": 9,
  "edge_count": 6,
  "density": 0.08333333333333333,
  "avg_degree": 1.3333333333333333
}